Cation,Cation_Effect,Cation_StdDev,Cation_N_Obs
Ag+,0.225452,0.271118,100
Ba2+,-0.027212,0.007656,300
Ca2+,-0.133435,0.152961,400
Cs+,0.145973,0.324231,300
Cu2+,-0.002717,0.008003,100
H+,0.004703,0.071690,100
K+,-0.006937,0.019322,600
Li+,-0.019732,0.093488,700
Mg2+,-0.174884,0.205051,300
Mn2+,0.021065,0.018234,100
NH4+,0.011938,0.025730,200
Na+,0.021583,0.077802,700
Ni2+,0.001096,0.009928,100
Rb+,0.052850,0.046542,100
Sr2+,-0.066191,0.046168,300
Zn2+,-0.053550,0.074082,400
