Cation,Cation_Effect,Cation_StdDev,Cation_N_Obs
Ag+,NaN,0.271118,100
Ba2+,NaN,0.007656,300
Ca2+,NaN,0.152961,400
Cs+,NaN,NaN,300
Cu2+,NaN,0.008003,100
H+,NaN,0.071690,100
K+,NaN,0.019322,600
Li+,NaN,0.093488,700
Mg2+,NaN,0.205051,300
Mn2+,NaN,0.018234,100
NH4+,NaN,0.025730,200
Na+,NaN,0.077802,700
Ni2+,NaN,0.009928,100
Rb+,NaN,0.046542,100
Sr2+,NaN,0.046168,300
Zn2+,NaN,0.074082,400
