Mixture,Swing_pct,MinUptake_pct,MaxUptake_pct,MinRH_pct,MaxRH_pct,EffectiveDRH_pct,ImprovementOverPure_pct
HCl+LiCl,18.0877863571567,72.0888144669332,90.1766008240899,42,88,17,-0.70525122130614
CaCl2+NaCl,8.95253036874629,73.1155959655262,82.0681263342725,76.734693877551,88,76.5,-43.0278113710169
NaCl+NaOH,8.8910517051956,76.7327080844932,85.6237597896888,76.734693877551,88,76.5,-42.1732467687647
LiCl+NaCl,7.6063293125086,79.1544998023994,86.760829114908,76.734693877551,88,76.5,-47.1162505042128
HCl+NaCl,6.93137294815216,81.0054598934315,87.9368328415836,76.734693877551,88,76.5,-47.7206863184024
NaBr+KBr,6.68082745578311,64.4483125925626,71.1291400483458,83.3061224489796,88,83.3,-56.4666258148964
LiCl+CsCl,6.26631069671794,69.2809189609842,75.5472296577022,82.3673469387755,88,82,-55.9316344538078
HCl+CsCl,6.16741684903929,70.6996696347055,76.8670864837448,82.3673469387755,88,82,-52.9016282300397
